id,Title,Content
22,ffff,test
264,Hello,
287,"Micro Biosystems CSA",
329,"SOLDER DE MEXICO, S.A. DE C.V",
330,"TEXILES LEON, S.A. DE C.V.",
363,"Fabric Leon",
366,"Fabtech Mexico Ltd",
368,Warpwaste,
376,"Dummy Kalashinkov Aero Staffing",
380,"Dummy Neil Amstrong Aero Staffing",
383,"Mexican Federation of Aerospace Industries",
387,"Gmail Company",
388,"TEKFOR MEXICO S.A. DE C.V",
389,"WILLI ELBE MANUFACTURING S. DE R.L. DE C.V.",
391,"WÃœRTH ELEKTRONIK iBE",
392,"TQ1 DE MEXICO S.A. DE C.V.",
393,"TEMAPLAX, S.A. DE C.V",
395,"TOPURA FASTENER DE MEXICO, S.A. DE C.V.",
407,"Testing Company",
408,"dfdfdfdf fdg inc.",
